{
  "4": 26140736.007846016,
  "0G": 201017997.91642094,
  "2Z": 423243471.5271784,
  "A2Z": 13328838.611455534,
  "AAVE": 2597432417.3375134,
  "ACA": 9975877.626279062,
  "ACE": 23992704.448961735,
  "ACH": 86349764.42653507,
  "ACT": 25623855.942907188,
  "ADA": 14554604731.92794,
  "AIXBT": 39657628.91020199,
  "ALGO": 1215257331.2249238,
  "ALLO": 23707250.866271336,
  "ALPINE": 11400172.702289872,
  "ALT": 68317586.17818373,
  "ANIME": 40174547.36618661,
  "APE": 164883060.10378182,
  "APT": 1414543072.0590253,
  "AR": 262562690.82593563,
  "ARB": 1224741837.5509667,
  "ARKM": 49366364.76996133,
  "ASTER": 1866449837.4872284,
  "AT": 39365312.036690295,
  "ATOM": 1167320898.3658533,
  "AUCTION": 35517909.663455665,
  "AVAX": 6197813546.189255,
  "AVNT": 87789147.97775121,
  "AXS": 160509215.67961895,
  "BANANA": 30540764.501368374,
  "BANANAS31": 42916615.17189887,
  "BANK": 24216802.12376217,
  "BARD": 181711749.47465387,
  "BB": 63718954.665562026,
  "BCH": 12581213467.44211,
  "BERA": 86328773.23823102,
  "BFUSD": 1955023508.1147397,
  "BIFI": 11653916.45212898,
  "BIO": 96952095.87515216,
  "BNB": 124072137765.84323,
  "BNSOL": 1478963025.4648392,
  "BOME": 54242094.09519388,
  "BONK": 1028857727.6216265,
  "BTC": 1836045637714.2388,
  "BUSD": 55088115.26624319,
  "CAKE": 673210821.2324255,
  "CELO": 74949525.85979988,
  "C": 23139695.694657918,
  "CFX": 408353572.7696425,
  "CHESS": 6182671.16070676,
  "CHZ": 436804913.8655258,
  "CKB": 131174340.88344574,
  "COMP": 265977122.19510427,
  "CRV": 598887832.406191,
  "CTK": 47224424.364135474,
  "CVX": 204456169.16694993,
  "CYBER": 44499433.7778561,
  "DASH": 545629529.9997615,
  "DATA": 6398932.408033352,
  "DGB": 111066952.18916038,
  "DOGE": 24370996261.718624,
  "DOGS": 25289472.797250457,
  "DOLO": 20828792.28002693,
  "DOT": 3538071420.5580716,
  "DYDX": 160495237.2754333,
  "DYM": 32912856.9628278,
  "EDEN": 12619900.012751333,
  "EIGEN": 231214352.27390006,
  "ENA": 1943298390.565681,
  "ENS": 413524393.5553397,
  "ENSO": 14268704.944544364,
  "EPIC": 27935574.76997024,
  "ETC": 1998604755.6755168,
  "ETH": 388359987718.1769,
  "ETHFI": 509072577.6039711,
  "FDUSD": 505811312.7043091,
  "FET": 661668359.4839513,
  "FF": 218761635.7907546,
  "FIDA": 36423332.22737626,
  "FIL": 1129911511.1430938,
  "FLOKI": 534914988.0379752,
  "FLOW": 167349699.44447708,
  "FORM": 141998540.82504177,
  "FTM": null,
  "FTT": 174448239.3700232,
  "GAL": 8457688.377688486,
  "GALA": 344281001.9050638,
  "GIGGLE": 70380110.6834974,
  "GPS": 22022706.643443722,
  "GRT": 436880027.07980096,
  "GUN": 22807761.100576244,
  "HAEDAL": 13810119.623023542,
  "HBAR": 5377184726.955871,
  "HEMI": 18669443.416684706,
  "HMSTR": 15590732.72324407,
  "HOLO": 31484634.675428804,
  "HOME": 77889224.66944672,
  "HUMA": 73975343.44783014,
  "ICP": 1778317021.8514404,
  "IMX": 564027757.9722574,
  "INJ": 537942201.9922684,
  "IO": 45249310.09312944,
  "IOTA": 468210987.263145,
  "JASMY": 425481082.6049344,
  "JOE": 27706144.847531646,
  "JST": 384307397.10014224,
  "JTO": 202752182.36705655,
  "JUP": 707956908.8650991,
  "KAITO": 127802945.7510848,
  "KITE": 167682701.5808229,
  "KMNO": 220728015.06773627,
  "LAYER": 55364689.54042766,
  "LDO": 541040307.5965204,
  "LINEA": 109267312.00227368,
  "LINK": 9646689751.990145,
  "LPT": 158581649.76048207,
  "LSK": 46084068.332270615,
  "LTC": 6289818143.81053,
  "LUNA": 66945154.6962471,
  "LUNC": 245714669.09620968,
  "MAGIC": 31329206.998268705,
  "MANA": 277508316.4959437,
  "MANTA": 38417009.43690412,
  "MATIC": null,
  "ME": 92786301.87500632,
  "MEME": 72274843.38837768,
  "MET": 135808347.6664736,
  "MINA": 108940641.95209366,
  "MIRA": 32734012.149969686,
  "MMT": 49645156.68282022,
  "MORPHO": 462875255.52806985,
  "MUBARAK": 19838178.01376477,
  "NEAR": 2250468329.962112,
  "NEIRO": 59118106.076922625,
  "NEO": 277077781.1509607,
  "NMR": 78671842.88730165,
  "NOM": 24694184.101317935,
  "NOT": 60735855.919141546,
  "OG": 20331084.12889119,
  "OM": 92056304.46083964,
  "OMNI": 0,
  "ONDO": 1390864964.4693885,
  "ONT": 60583649.99137299,
  "OP": 617687910.1622794,
  "ORDI": 96605875.44170532,
  "PARTI": 46067461.11751888,
  "PAXG": 1692965220.6155207,
  "PENDLE": 377772699.75631267,
  "PENGU": 784281999.8828106,
  "PEOPLE": 56481817.4455973,
  "PEPE": 2725619833.0513816,
  "PIXEL": 29346575.88782075,
  "PLUME": 58476675.087339126,
  "PNUT": 91152825.38997318,
  "POL": 1323868051.6336591,
  "POLY": 0,
  "POLYX": 66907490.65955032,
  "PROM": 142201481.2609332,
  "PUMP": 846201184.7780389,
  "PYTH": 395579114.59231406,
  "QNT": 931738536.377128,
  "RAY": 322334529.05252665,
  "RDNT": 14093891.540353766,
  "RENDER": 1208640450.2036142,
  "RESOLV": 27396449.43910058,
  "REZ": 33411876.329892848,
  "ROSE": 91440206.98758721,
  "RSR": 185293495.0385623,
  "RUNE": 206332766.93193924,
  "S": 275155895.71797097,
  "SAGA": 21289832.733305886,
  "SAND": 327890410.14230776,
  "SAPIEN": 38381063.084126085,
  "SEI": 830939794.7565002,
  "SHIB": 5240793203.015603,
  "SKY": 1443607969.0173376,
  "SLP": 31145131.36623496,
  "SNX": 176739232.59011415,
  "SOL": 77361679590.3178,
  "SOMI": 53105945.54830536,
  "SOPH": 26191280.9961913,
  "SPK": 51408548.16002826,
  "SSV": 68224536.68346426,
  "STRK": 453535275.59670556,
  "STX": 654896475.23766,
  "SUI": 6947111694.5405,
  "SUPER": 144899482.19314003,
  "SYRUP": 437483547.4913759,
  "TAO": 2961658914.26198,
  "THE": 25312124.675326105,
  "THETA": 310471333.51988876,
  "TIA": 494667398.34480554,
  "TLM": 16086382.99062623,
  "AERO": 530842123.28377503,
  "APEX": 61555179.48285179,
  "TNSR": 36833527.14464155,
  "TOMO": null,
  "TON": 4511123749.69707,
  "TOWNS": 18163821.7853106,
  "TRB": 60968391.139357105,
  "TRUMP": 1074087975.9323926,
  "TRX": 27651626076.674717,
  "TST": 16593587.351586748,
  "TURBO": 143025812.48349863,
  "TUT": 14720269.90332119,
  "TWT": 391168029.60930413,
  "UNI": 3758323372.257573,
  "USD1": 3352665077.0478406,
  "USDe": 6299002841.333162,
  "USTC": 40109483.52859027,
  "USUAL": 44554136.189262666,
  "VET": 1064661620.704441,
  "VIRTUAL": 720132256.3799974,
  "VOXEL": 3192550.572240771,
  "W": 201570222.97464952,
  "WAL": 222679830.58358252,
  "WBTC": 11518127149.540096,
  "WCT": 26112201.153208777,
  "WIF": 430620908.1091401,
  "WLD": 1665286180.596451,
  "WLFI": 4561525953.656334,
  "WOO": 57642335.40711781,
  "XAI": 33060956.478009418,
  "XEC": 239477360.8400317,
  "XLM": 7673443982.009626,
  "XPL": 343989046.15515053,
  "XRP": 135972786919.57755,
  "XTZ": 617372198.530491,
  "XUSD": 48064492.74603467,
  "XVG": 98187962.76017272,
  "YB": 37606104.60556638,
  "YFI": 129636563.53673108,
  "YGG": 48743079.17328825,
  "ZBT": 28334653.91230608,
  "ZEC": 8177049953.343477,
  "ZEN": 162230397.82050565,
  "ZK": 386706055.05394536,
  "ZKC": 26791857.814791515,
  "ZRO": 346541069.4617094,
  "ZRX": 123208067.86424166,
  "ARK": 53664616.5527547,
  "BABY": 50424975.611065745,
  "BIGTIME": 45143440.239768125,
  "BLAST": 40236048.16267944,
  "BLUR": 85474643.14983621,
  "BRETT": 183071846.21702966,
  "BSV": 404958713.35284305,
  "CC": 5227735467.71597,
  "CHILLGUY": 24630516.615067557,
  "DOOD": 48324952.258773446,
  "FARTCOIN": 423639994.4389634,
  "FOGO": 0,
  "GAS": 137071538.57226083,
  "GMT": 50295591.03440711,
  "GMX": 86331511.40647072,
  "GOAT": 40810916.88750168,
  "GRASS": 82146867.294548,
  "GRIFFAIN": 21587091.68743327,
  "HYPE": 9124082388.457003,
  "HYPER": 27869893.846141297,
  "INIT": 16769918.735358922,
  "IP": 688350573.6216313,
  "KAS": 1350630575.9958835,
  "LIT": 762836771.2207847,
  "MAV": 24920300.44748156,
  "MAVIA": 15867443.484341767,
  "MEGA": null,
  "MELANIA": 136420527.86844602,
  "MERL": 260652743.1252249,
  "MEW": 95570235.84005825,
  "MNT": 3487249299.2274933,
  "MON": 299822718.74057055,
  "MOODENG": 85000199.38775012,
  "MOVE": 105010900.39761539,
  "NIL": 21908322.62700442,
  "NXPC": 91161938.19233727,
  "POPCAT": 102475385.08719133,
  "PROMPT": 23933991.679865517,