{
  "BNBUSDT": {
    "score": 27.900000000000002,
    "timestamp": 1768250390812,
    "consecutiveScans": 1
  },
  "XMRUSDT": {
    "score": 24.2,
    "timestamp": 1768250390812,
    "consecutiveScans": 1
  },
  "LTCUSDT": {
    "score": 35.6,
    "timestamp": 1768250390812,
    "consecutiveScans": 1
  },
  "ZECUSDT": {
    "score": 24.2,
    "timestamp": 1768250390812,
    "consecutiveScans": 1
  },
  "USDEUSDT": {
    "score": 24.2,
    "timestamp": 1768250390812,
    "consecutiveScans": 1
  },
  "HYPEUSDT": {
    "score": 24.2,
    "timestamp": 1768250390812,
    "consecutiveScans": 1
  },
  "ORTAUSDT": {
    "score": 37.9,
    "timestamp": 1768250390812,
    "consecutiveScans": 1
  },
  "FDUSDUSDT": {
    "score": 34.2,
    "timestamp": 1768250390812,
    "consecutiveScans": 1
  },
  "DAIUSDT": {
    "score": 24.2,
    "timestamp": 1768250390812,
    "consecutiveScans": 1
  },
  "PENGUUSDT": {
    "score": 24.2,
    "timestamp": 1768250390812,
    "consecutiveScans": 1
  },
  "TAOUSDT": {
    "score": 34.2,
    "timestamp": 1768250390812,
    "consecutiveScans": 1
  },
  "AAVEUSDT": {
    "score": 20.3,
    "timestamp": 1768250390812,
    "consecutiveScans": 1
  },
  "PUMPUSDT": {
    "score": 34,
    "timestamp": 1768250390812,
    "consecutiveScans": 1
  },
  "MXUSDT": {
    "score": 35.599999999999994,
    "timestamp": 1768250390812,
    "consecutiveScans": 1
  },
  "NEARUSDT": {
    "score": 20.3,
    "timestamp": 1768250390812,
    "consecutiveScans": 1
  },
  "MSTRONUSDT": {
    "score": 35.7,
    "timestamp": 1768250390812,
    "consecutiveScans": 1
  },
  "DOTUSDT": {
    "score": 35.1,
    "timestamp": 1768250390812,
    "consecutiveScans": 1
  },
  "FILUSDT": {
    "score": 35.400000000000006,
    "timestamp": 1768250390812,
    "consecutiveScans": 1
  },
  "SBETONUSDT": {
    "score": 35.900000000000006,
    "timestamp": 1768250390812,
    "consecutiveScans": 1
  },
  "KRYONUSDT": {
    "score": 76.3,
    "timestamp": 1768250390812,
    "consecutiveScans": 1
  },
  "IPUSDT": {
    "score": 32.4,
    "timestamp": 1768250390812,
    "consecutiveScans": 1
  },
  "KAITOUSDT": {
    "score": 34.2,
    "timestamp": 1768250390812,
    "consecutiveScans": 1
  },
  "INTCONUSDT": {
    "score": 34.2,
    "timestamp": 1768250390812,
    "consecutiveScans": 1
  },
  "WLDUSDT": {
    "score": 26.5,
    "timestamp": 1768250390812,
    "consecutiveScans": 1
  },
  "CRCLONUSDT": {
    "score": 34.2,
    "timestamp": 1768250390812,
    "consecutiveScans": 1
  },
  "POLUSDT": {
    "score": 24.2,
    "timestamp": 1768250390812,
    "consecutiveScans": 1
  },
  "BONKUSDT": {
    "score": 35.4,
    "timestamp": 1768250390812,
    "consecutiveScans": 1
  },
  "TRUMPUSDT": {
    "score": 35.900000000000006,
    "timestamp": 1768250390812,
    "consecutiveScans": 1
  },
  "SHIBUSDT": {
    "score": 35.8,
    "timestamp": 1768250390812,
    "consecutiveScans": 1
  },
  "APTUSDT": {
    "score": 27,
    "timestamp": 1768250390812,
    "consecutiveScans": 1
  },
  "TONUSDT": {
    "score": 40.8,
    "timestamp": 1768250390812,
    "consecutiveScans": 1
  },
  "ARBUSDT": {
    "score": 25.5,
    "timestamp": 1768250390812,
    "consecutiveScans": 1
  },
  "ULTIMAUSDT": {
    "score": 24.2,
    "timestamp": 1768250390812,
    "consecutiveScans": 1
  },
  "UCNUSDT": {
    "score": 24.2,
    "timestamp": 1768250390812,
    "consecutiveScans": 1
  },
  "QDXUSDT": {
    "score": 45.3,
    "timestamp": 1768250390812,
    "consecutiveScans": 1
  },
  "ARTXUSDT": {
    "score": 34.2,
    "timestamp": 1768250390812,
    "consecutiveScans": 1
  },
  "JGGLUSDT": {
    "score": 27,
    "timestamp": 1768250390812,
    "consecutiveScans": 1
  },
  "SUTUSDT": {
    "score": 22,
    "timestamp": 1768250390812,
    "consecutiveScans": 1
  },
  "CCUSDT": {
    "score": 33.599999999999994,
    "timestamp": 1768250390812,
    "consecutiveScans": 1
  },
  "ZILUSDT": {
    "score": 20.200000000000003,
    "timestamp": 1768250390812,
    "consecutiveScans": 1
  },
  "OGUSDT": {
    "score": 24.2,
    "timestamp": 1768250390812,
    "consecutiveScans": 1
  },
  "ADBEONUSDT": {
    "score": 34.2,
    "timestamp": 1768250390812,
    "consecutiveScans": 1
  },
  "GAIXUSDT": {
    "score": 35.1,
    "timestamp": 1768250390812,
    "consecutiveScans": 1
  },
  "ATLAUSDT": {
    "score": 24.2,
    "timestamp": 1768250390812,
    "consecutiveScans": 1
  },
  "SEIUSDT": {
    "score": 20.3,
    "timestamp": 1768250390812,
    "consecutiveScans": 1
  },
  "ESPORTSUSDT": {
    "score": 41,
    "timestamp": 1768250390812,
    "consecutiveScans": 1
  },
  "UNHONUSDT": {
    "score": 41.5,
    "timestamp": 1768250390812,
    "consecutiveScans": 1
  },
  "AIXUSDT": {
    "score": 35.2,
    "timestamp": 1768250390812,
    "consecutiveScans": 1
  },
  "SNOWONUSDT": {
    "score": 34.2,
    "timestamp": 1768250390812,
    "consecutiveScans": 1
  },
  "HYPERUSDT": {
    "score": 24.2,
    "timestamp": 1768250390812,
    "consecutiveScans": 1
  },
  "NOWONUSDT": {
    "score": 24.2,
    "timestamp": 1768250390812,
    "consecutiveScans": 1
  },
  "ARMONUSDT": {
    "score": 22,
    "timestamp": 1768250390812,
    "consecutiveScans": 1
  },
  "INJUSDT": {
    "score": 26.400000000000002,
    "timestamp": 1768250390812,
    "consecutiveScans": 1
  },
  "PARTIUSDT": {
    "score": 34.2,
    "timestamp": 1768250390812,
    "consecutiveScans": 1
  },
  "STABLEUSDT": {
    "score": 30.8,
    "timestamp": 1768250390812,
    "consecutiveScans": 1
  },
  "THEUSDT": {
    "score": 24.2,
    "timestamp": 1768250390812,
    "consecutiveScans": 1
  },
  "ATOMUSDT": {
    "score": 35.6,
    "timestamp": 1768250390812,
    "consecutiveScans": 1
  },
  "POPCATUSDT": {
    "score": 35.3,
    "timestamp": 1768250390812,
    "consecutiveScans": 1
  },
  "DEEPUSDT": {
    "score": 34.2,
    "timestamp": 1768250390812,
    "consecutiveScans": 1
  },
  "FLRUSDT": {
    "score": 35.3,
    "timestamp": 1768250390812,
    "consecutiveScans": 1
  },
  "WXTUSDT": {
    "score": 26.1,
    "timestamp": 1768250390812,
    "consecutiveScans": 1
  },
  "MXSOLUSDT": {
    "score": 27,
    "timestamp": 1768250390812,
    "consecutiveScans": 1
  },
  "ACEUSDT": {
    "score": 45.2,
    "timestamp": 1768250390812,
    "consecutiveScans": 1
  }
}