{
  "TAOUSDTM": {
    "score": 26.2,
    "timestamp": 1768234315092,
    "consecutiveScans": 1
  },
  "HYPEUSDTM": {
    "score": 22.17266784364815,
    "timestamp": 1768234315092,
    "consecutiveScans": 1
  },
  "IPUSDTM": {
    "score": 39.69635586160551,
    "timestamp": 1768234315092,
    "consecutiveScans": 1
  },
  "POLUSDTM": {
    "score": 34.2,
    "timestamp": 1768234315092,
    "consecutiveScans": 1
  },
  "JASMYUSDTM": {
    "score": 24.2,
    "timestamp": 1768234315092,
    "consecutiveScans": 1
  },
  "PENGUUSDTM": {
    "score": 24.2,
    "timestamp": 1768234315092,
    "consecutiveScans": 1
  },
  "AAVEUSDTM": {
    "score": 29,
    "timestamp": 1768234315092,
    "consecutiveScans": 1
  },
  "WETUSDTM": {
    "score": 24.2,
    "timestamp": 1768234315092,
    "consecutiveScans": 1
  },
  "VIRTUALUSDTM": {
    "score": 24.2,
    "timestamp": 1768234315092,
    "consecutiveScans": 1
  },
  "GMTUSDTM": {
    "score": 24.2,
    "timestamp": 1768234315092,
    "consecutiveScans": 1
  },
  "ERAUSDTM": {
    "score": 20.77240509033093,
    "timestamp": 1768234315092,
    "consecutiveScans": 1
  },
  "FFUSDTM": {
    "score": 24.2,
    "timestamp": 1768234315092,
    "consecutiveScans": 1
  },
  "ZENUSDTM": {
    "score": 22.553365459644183,
    "timestamp": 1768234315092,
    "consecutiveScans": 1
  },
  "GUNUSDTM": {
    "score": 24.2,
    "timestamp": 1768234315092,
    "consecutiveScans": 1
  },
  "ANIMEUSDTM": {
    "score": 21.643011872991444,
    "timestamp": 1768234315092,
    "consecutiveScans": 1
  },
  "REZUSDTM": {
    "score": 24.2,
    "timestamp": 1768234315092,
    "consecutiveScans": 1
  },
  "DASHUSDTM": {
    "score": 36.2,
    "timestamp": 1768234315092,
    "consecutiveScans": 1
  },
  "BUSDTM": {
    "score": 24.2,
    "timestamp": 1768234315092,
    "consecutiveScans": 1
  },
  "UBUSDTM": {
    "score": 22,
    "timestamp": 1768234315092,
    "consecutiveScans": 1
  },
  "AINUSDTM": {
    "score": 24.2,
    "timestamp": 1768234315092,
    "consecutiveScans": 1
  },
  "VFYUSDTM": {
    "score": 38.42958839381459,
    "timestamp": 1768234315092,
    "consecutiveScans": 1
  },
  "GRIFFAINUSDTM": {
    "score": 25.999000008357523,
    "timestamp": 1768234315092,
    "consecutiveScans": 1
  },
  "TACUSDTM": {
    "score": 34.2,
    "timestamp": 1768234315092,
    "consecutiveScans": 1
  },
  "CRVUSDTM": {
    "score": 22.1753722927479,
    "timestamp": 1768234315092,
    "consecutiveScans": 1
  },
  "ENSOUSDTM": {
    "score": 27,
    "timestamp": 1768234315092,
    "consecutiveScans": 1
  },
  "OPUSDTM": {
    "score": 43.67662657679713,
    "timestamp": 1768234315092,
    "consecutiveScans": 1
  },
  "VELVETUSDTM": {
    "score": 37.11992957868088,
    "timestamp": 1768234315092,
    "consecutiveScans": 1
  },
  "STRKUSDTM": {
    "score": 34.2,
    "timestamp": 1768234315092,
    "consecutiveScans": 1
  },
  "DEEPUSDTM": {
    "score": 22,
    "timestamp": 1768234315092,
    "consecutiveScans": 1
  },
  "ORCAUSDTM": {
    "score": 35.44007532988413,
    "timestamp": 1768234315092,
    "consecutiveScans": 1
  },
  "LUNCUSDTM": {
    "score": 42.6019708611997,
    "timestamp": 1768234315092,
    "consecutiveScans": 1
  },
  "VINEUSDTM": {
    "score": 50.54755244755245,
    "timestamp": 1768234315092,
    "consecutiveScans": 1
  },
  "MUBARAKUSDTM": {
    "score": 24.2,
    "timestamp": 1768234315092,
    "consecutiveScans": 1
  },
  "CHILLGUYUSDTM": {
    "score": 24.2,
    "timestamp": 1768234315092,
    "consecutiveScans": 1
  },
  "BERAUSDTM": {
    "score": 24.200000000000003,
    "timestamp": 1768234315092,
    "consecutiveScans": 1
  },
  "DAMUSDTM": {
    "score": 30.226131850675134,
    "timestamp": 1768234315092,
    "consecutiveScans": 1
  },
  "PIEVERSEUSDTM": {
    "score": 40.55529879281234,
    "timestamp": 1768234315092,
    "consecutiveScans": 1
  },
  "NOTUSDTM": {
    "score": 40.73566836937218,
    "timestamp": 1768234315092,
    "consecutiveScans": 1
  },
  "ETCUSDTM": {
    "score": 26.685705497226973,
    "timestamp": 1768234315092,
    "consecutiveScans": 1
  },
  "ETHFIUSDTM": {
    "score": 45.34385316255117,
    "timestamp": 1768234315092,
    "consecutiveScans": 1
  },
  "BROCCOLI714USDTM": {
    "score": 22,
    "timestamp": 1768234315092,
    "consecutiveScans": 1
  },
  "CYSUSDTM": {
    "score": 53.351692069232755,
    "timestamp": 1768234315092,
    "consecutiveScans": 1
  },
  "XPLUSDTM": {
    "score": 45.159288230727896,
    "timestamp": 1768234315092,
    "consecutiveScans": 1
  },
  "SANDUSDTM": {
    "score": 50.46369279152528,
    "timestamp": 1768234315092,
    "consecutiveScans": 1
  },
  "TRBUSDTM": {
    "score": 27.452844821563467,
    "timestamp": 1768234315092,
    "consecutiveScans": 1
  },
  "MELANIAUSDTM": {
    "score": 22,
    "timestamp": 1768234315092,
    "consecutiveScans": 1
  },
  "NEIROCTOUSDTM": {
    "score": 40.24862113962908,
    "timestamp": 1768234315092,
    "consecutiveScans": 1
  },
  "ATOMUSDTM": {
    "score": 24.2,
    "timestamp": 1768234315092,
    "consecutiveScans": 1
  },
  "STOUSDTM": {
    "score": 27,
    "timestamp": 1768234315092,
    "consecutiveScans": 1
  },
  "RAVEUSDTM": {
    "score": 27,
    "timestamp": 1768234315092,
    "consecutiveScans": 1
  },
  "ZROUSDTM": {
    "score": 36.07400925595492,
    "timestamp": 1768234315092,
    "consecutiveScans": 1
  }
}