{
  "ETHUSDT": {
    "score": 29,
    "timestamp": 1768211040944,
    "consecutiveScans": 1
  },
  "ZECUSDT": {
    "score": 26.2,
    "timestamp": 1768211040944,
    "consecutiveScans": 1
  },
  "PUMPUSDT": {
    "score": 33.95680931253654,
    "timestamp": 1768211040944,
    "consecutiveScans": 1
  },
  "FETUSDT": {
    "score": 34.2,
    "timestamp": 1768211040944,
    "consecutiveScans": 1
  },
  "TAOUSDT": {
    "score": 68.21889056131033,
    "timestamp": 1768211040944,
    "consecutiveScans": 1
  },
  "VIRTUALUSDT": {
    "score": 65.06741017782204,
    "timestamp": 1768211040944,
    "consecutiveScans": 1
  },
  "PENGUUSDT": {
    "score": 24.2,
    "timestamp": 1768211040944,
    "consecutiveScans": 1
  },
  "MEGAUSDT": {
    "score": 34.0190026615839,
    "timestamp": 1768211040944,
    "consecutiveScans": 1
  },
  "OPUSDT": {
    "score": 27,
    "timestamp": 1768211040944,
    "consecutiveScans": 1
  },
  "CHILLGUYUSDT": {
    "score": 24.2,
    "timestamp": 1768211040944,
    "consecutiveScans": 1
  },
  "ATOMUSDT": {
    "score": 34.2,
    "timestamp": 1768211040944,
    "consecutiveScans": 1
  },
  "APEXUSDT": {
    "score": 24.2,
    "timestamp": 1768211040944,
    "consecutiveScans": 1
  },
  "GMTUSDT": {
    "score": 22,
    "timestamp": 1768211040944,
    "consecutiveScans": 1
  },
  "MERLUSDT": {
    "score": 27,
    "timestamp": 1768211040944,
    "consecutiveScans": 1
  },
  "0GUSDT": {
    "score": 24.2,
    "timestamp": 1768211040944,
    "consecutiveScans": 1
  },
  "STABLEUSDT": {
    "score": 31.555222987705946,
    "timestamp": 1768211040944,
    "consecutiveScans": 1
  },
  "PNUTUSDT": {
    "score": 30.669047412316182,
    "timestamp": 1768211040944,
    "consecutiveScans": 1
  },
  "GALAUSDT": {
    "score": 31.783966151973644,
    "timestamp": 1768211040944,
    "consecutiveScans": 1
  },
  "POLYXUSDT": {
    "score": 24.2,
    "timestamp": 1768211040944,
    "consecutiveScans": 1
  },
  "HEMIUSDT": {
    "score": 90.38551874026297,
    "timestamp": 1768211040944,
    "consecutiveScans": 1
  },
  "PROVEUSDT": {
    "score": 27,
    "timestamp": 1768211040944,
    "consecutiveScans": 1
  },
  "BANANAUSDT": {
    "score": 27,
    "timestamp": 1768211040944,
    "consecutiveScans": 1
  },
  "GASUSDT": {
    "score": 30.628800486224115,
    "timestamp": 1768211040944,
    "consecutiveScans": 1
  },
  "YZYUSDT": {
    "score": 31.052304199699037,
    "timestamp": 1768211040944,
    "consecutiveScans": 1
  },
  "NOTUSDT": {
    "score": 31.349039800348933,
    "timestamp": 1768211040944,
    "consecutiveScans": 1
  },
  "FXSUSDT": {
    "score": 33.05804322634239,
    "timestamp": 1768211040944,
    "consecutiveScans": 1
  }
}